Model,MAE,RMSE
ARIMA,1.6421491476928873,1.8237546416099604
Holt-Winters,1.7874243482510772,2.130214998252357
