Model,MAE,RMSE
ARIMA,0.1719259468233623,0.19093923796199874
Holt-Winters,0.18738251212507534,0.2232615722363055
